id,姓名,字,号,性别,生年,卒年,享年,籍贯,具体出生地,主要活动地,朝代,民族,旗籍,社会阶层,生平简介,著作总数,诗集名称,词集名称,文集名称,其他作品,总作品数量,代表作品,作品风格,文学流派,艺术特色,创作主题,文学成就,保存状态,父亲,母亲,丈夫,子女,兄弟,姐妹,姻亲关系,师长,学生,文学友人,唱和对象,文学社团,交往圈子,赞助人,编辑出版者,出生地_现代地名,出生地_经度,出生地_纬度,活动地_现代地名,活动地_经度,活动地_纬度,迁徙轨迹,主要活动区域,同时代评价,后世影响,研究热度,现存研究资料,数字化程度,备注,,
1,顾太清,子春,云槎外史,女,1799,1877,79,满洲镶蓝旗,北京,北京、江南,清,满族,镶蓝旗,宗室妃嫔,满洲镶蓝旗人，贝勒奕绘侧福晋，清代著名女词人，与纳兰性德齐名,5,《天游阁集》,《东海渔歌》,《红楼梦影》,,200,《东海渔歌》,婉约清丽,满洲贵族文学,情感真挚，语言优美，意境深远,闺情、山水、咏史、抒怀,清代满族女词人之冠，与纳兰性德并称,完整保存,鄂实峰,,奕绘,载钊、载初,鄂少峰,,,奕绘,,沈善宝、汪端,奕绘、沈善宝,秋红吟社,满洲贵族文人圈,,,北京市,116.4074,39.9042,北京、杭州,,,北京→江南→北京,京津冀、江南,才情横溢，为满洲女词人之冠,影响深远,高,较多,已数字化,《清代闺秀诗话》有详细记载,,
2,汪端,,,女,1793,1839,47,浙江钱塘,杭州,杭州,清,汉族,,官宦闺秀,清代著名女诗人，陈裴之之妻，才情出众，早年丧夫后专心著述,3,《自然好学斋诗钞》,,,,150,《自然好学斋诗钞》,清丽婉转,江南闺秀诗派,诗风清丽，情感细腻，格调高雅,闺情、咏史、感怀、悼亡,清代重要女诗人，诗作广为传诵,完整保存,汪瑜,,陈裴之,陈孝如,,,,梁德绳,,顾太清、沈善宝,顾太清、沈善宝,,江南闺秀,,,杭州市,120.1551,30.2741,杭州,,,,江南地区,诗才清妙，为闺秀之冠,重要研究对象,中,较多,部分数字化,与顾太清交往密切,,
3,骆绮兰,,,女,1756,1815,60,江苏句容,南京,南京、扬州,清,汉族,,文人闺秀,袁枚女弟子，性灵派重要女诗人，晚年以教授女弟子为生,4,《听秋轩诗集》,,,,180,《听秋轩诗集》,性灵洒脱,性灵派,直抒胸臆，不拘格套，语言自然,生活感悟、女性处境、社会观察,性灵派重要女诗人，袁枚高度评价,完整保存,,,,,,,,袁枚,王文治,袁枚、王文治,袁枚、王文治,性灵派,文人雅士圈,,,南京市,118.7969,32.0603,南京、扬州,,,,江南地区,才情俊爽，为随园女弟子之翘楚,研究较多,中,丰富,已数字化,袁枚《随园诗话》多有其作,,
4,归懋仪,,,女,1762,1832,71,江苏常熟,常熟,常熟、苏州、上海,清,汉族,,官宦闺秀,清代著名女诗人，工诗词，与袁枚、王文治等交往，诗作颇丰,6,《绣余续草》,《听雪词》,,,300,《绣余续草》,婉约细腻,江南闺秀诗派,诗词兼工，风格婉约，情感真挚,闺情、咏物、感怀、交游,诗词成就突出，与多位名家唱和,完整保存,归朝煦,,李学璜,李复,,,,袁枚、王文治,,袁枚、王文治、骆绮兰,袁枚、王文治,,江南文人圈,,,常熟市,120.7523,31.6461,苏州、上海,,,,江南地区,才女中之佼佼者,影响较大,中,较多,部分数字化,《江南女性别集》收录其作,,
5,沈善宝,,,女,1808,1862,55,浙江钱塘,杭州,杭州、北京,清,汉族,,文人闺秀,清代女诗人、词人，编纂《名媛诗话》，对女性文学有重要贡献,4,《鸿雪楼诗集》,《鸿雪楼词》,,,180,《鸿雪楼诗集》,豪放洒脱,综合各派,风格多样，既有婉约又有豪放,女性命运、社会现实、历史感慨,编纂《名媛诗话》保存大量女性作品,完整保存,沈学琳,,来秀,,,,,顾太清、汪端,,顾太清、汪端,顾太清、汪端,,女性文人圈,,,杭州市,120.1551,30.2741,杭州、北京,,,,江南、京津冀,编纂《名媛诗话》功不可没,重要文献价值,高,丰富,已数字化,《名媛诗话》是重要文献,,
6,王端淑,,,女,1621,1706,86,浙江山阴,绍兴,绍兴,清,汉族,,文人闺秀,明末清初著名才女，工诗词书画，著述丰富，晚年贫困,8,《吟红集》,《名媛诗纬》,《留篁集》,,400,《吟红集》,沉郁苍凉,遗民文学,风格沉郁，寄托故国之思,遗民情怀、女性处境、历史感慨,明末清初重要女作家,部分散佚,王思任,,丁圣肇,,,,,商景兰,,黄媛介、商景兰,黄媛介、商景兰,,遗民文人圈,,,绍兴市,120.5829,30.0303,绍兴,,,,浙江地区,才情卓绝，为一时之冠,研究价值高,中,有限,部分数字化,明末清初重要女作家,,
7,徐灿,,,女,1610,1698,89,江苏吴县,苏州,苏州、北京,清,汉族,,官宦闺秀,清初著名女词人，与顾太清齐名，词作成就很高,3,《拙政园诗集》,《拙政园诗余》,,,150,《拙政园诗余》,婉约深沉,江南词派,词风婉约深沉，情感真挚,家国情怀、个人感怀、闺情,清初重要女词人，成就突出,完整保存,徐子懋,,陈之遴,陈坚永,,,,吴伟业,,吴伟业等,吴伟业,,文人雅士圈,,,苏州市,120.5853,31.2990,苏州、北京,,,,江南、京津冀,清初女词人第一,影响深远,高,较多,已数字化,与顾太清并称,,
8,吴藻,,,女,1799,1862,64,浙江仁和,杭州,杭州,清,汉族,,商人家庭,清代著名女词人，性格豪放，词风独特，晚年学佛,4,《花帘词》,《香南雪北词》,,,200,《花帘词》,豪放洒脱,个性派,风格豪放，突破闺阁限制,女性意识、人生感慨、佛理,清代重要女词人，风格独特,完整保存,吴葆真,,黄某,,,,,陈文述,,赵庆熺等,赵庆熺,,文人圈子,,,杭州市,120.1551,30.2741,杭州,,,,浙江地区,清代女词人中之异数,研究较多,中,较多,部分数字化,词风豪放独特,,
9,贺双卿,,,女,1715,1735,21,江苏丹阳,丹阳,丹阳,清,汉族,,农家女,清代农家女词人，命运悲惨，词作真挚动人,1,《雪压轩词》,,,,50,《雪压轩词》,凄婉动人,民间词人,词风凄婉，情感真挚动人,农家生活、个人悲苦、自然景物,清代重要民间女词人,部分保存,,,,周,,,,史震林,,史震林,史震林,,民间文人,,,丹阳市,119.6067,32.0101,丹阳,,,,江苏农村,词作真挚动人,影响较大,高,有限,已数字化,农家女词人罕见,,
10,席佩兰,,,女,1760,1825,66,江苏常熟,常熟,常熟,清,汉族,,官宦闺秀,袁枚女弟子，工诗词，与丈夫孙原湘并称,3,《长真阁集》,,,,120,《长真阁集》,清丽自然,性灵派,诗风清丽自然，情感真挚,闺情、家庭生活、自然景物,袁枚重要女弟子,完整保存,席鏊,,孙原湘,孙,,,,袁枚,,袁枚、归懋仪,袁枚、归懋仪,性灵派,文人圈子,,,常熟市,120.7523,31.6461,常熟,,,,江南地区,袁枚高足，诗才出众,研究较多,中,较多,部分数字化,夫妇皆能诗,,
11,商景兰,,,女,1604,1680,76,浙江会稽,绍兴,绍兴,清,汉族,,官宦闺秀,明末清初著名女诗人，工诗词，与祁彪佳婚后感情甚笃，明亡后守节,3,《锦囊集》,,,,80,《锦囊集》,悲壮沉郁,遗民文学,诗风悲壮，寄托家国之痛,遗民情怀、家国命运、个人感怀,明末清初重要女诗人,完整保存,商周祚,,祁彪佳,祁理孙、祁班孙,,,,黄媛介,,黄媛介、王端淑,黄媛介、王端淑,,遗民文人圈,,,绍兴市,120.5829,30.0303,绍兴,,,,浙江地区,贞烈才女，诗风悲壮,影响较大,中,较多,部分数字化,与祁彪佳感情深厚,,
12,黄媛介,皆令,,女,1620,1669,50,浙江秀水,嘉兴,嘉兴,清,汉族,,文人闺秀,明末清初女诗人、画家，工诗词，善书画，晚年以卖画为生,4,《离隐词》,《湖上草》,,,120,《离隐词》,清丽脱俗,遗民文学,诗词清丽，书画兼工,个人遭遇、自然景物、交游,诗书画三绝,部分保存,黄洪宪,,杨世功,,,,,商景兰,,商景兰、王端淑,商景兰、王端淑,,文人圈子,,,嘉兴市,120.7555,30.7460,嘉兴,,,,浙江地区,才女中之佼佼者,研究价值高,中,有限,部分数字化,诗书画三绝,,
13,方维仪,,,女,1585,1668,84,安徽桐城,桐城,桐城,清,汉族,,官宦闺秀,明末清初女诗人，工诗词，早年守寡，专心著述,5,《清芬阁集》,,,,200,《清芬阁集》,沉郁悲凉,遗民文学,诗风沉郁，情感深沉,个人悲苦、家国命运、女性处境,明末清初重要女诗人,完整保存,方大镇,,姚孙棨,,,,,方以智,,方以智等,方以智,,家族文人圈,,,桐城市,116.9597,31.0359,桐城,,,,安徽地区,诗风沉郁，成就突出,影响较大,中,较多,部分数字化,与方以智为姑侄,,
14,方婉仪,,,女,1732,1779,48,安徽歙县,歙县,扬州,清,汉族,,文人家庭,清代女诗人、画家，罗聘之妻，扬州八怪之一,3,《白莲半格诗》,,,,100,《白莲半格诗》,清新淡雅,扬州画派,诗画兼工，风格清新,自然景物、生活感悟、艺术创作,扬州八怪中唯一女性,完整保存,方愿瑛,,罗聘,罗允绍、罗允缵,,,,金农,,金农、郑板桥,金农、郑板桥,扬州八怪,艺术圈子,,,歙县,118.4325,29.8608,扬州,,,,安徽、江苏,扬州八怪中女杰,研究较多,中,较多,部分数字化,艺术成就突出,,
15,陈端生,,,女,1751,1796,46,浙江钱塘,杭州,杭州,清,汉族,,官宦闺秀,清代女弹词作家，《再生缘》作者，才华横溢,1,《再生缘》,,,,1,《再生缘》,浪漫传奇,弹词文学,构思巧妙，文笔优美,女性命运、爱情婚姻、社会现实,弹词文学代表作,完整保存,陈兆仑,,范菼,范,,,,梁德绳,,梁德绳等,梁德绳,,文人圈子,,,杭州市,120.1551,30.2741,杭州,,,,浙江地区,《再生缘》作者,影响深远,高,丰富,已数字化,弹词文学巅峰之作,,
16,梁德绳,,,女,1771,1847,77,浙江钱塘,杭州,杭州,清,汉族,,官宦闺秀,清代女诗人，续写《再生缘》，工诗词,3,《古春轩诗钞》,,,,150,《古春轩诗钞》,温婉典雅,江南闺秀诗派,诗风温婉，格调典雅,闺情、家庭生活、文学创作,续写《再生缘》,完整保存,梁敦书,,许宗彦,许延初、许延锦,,,,汪端,,汪端、陈端生,汪端、陈端生,,文人圈子,,,杭州市,120.1551,30.2741,杭州,,,,浙江地区,续写《再生缘》,影响较大,中,较多,部分数字化,文学世家,,
17,孙云凤,,,女,1764,1814,51,浙江仁和,杭州,杭州,清,汉族,,官宦闺秀,袁枚女弟子，工诗词，与妹孙云鹤并称,3,《湘筠馆诗》,,,,120,《湘筠馆诗》,清丽婉约,性灵派,诗风清丽，情感细腻,闺情、自然景物、生活感悟,袁枚重要女弟子,完整保存,孙嘉乐,,金玮,,,,,袁枚,,袁枚、孙云鹤,袁枚、孙云鹤,性灵派,文人圈子,,,杭州市,120.1551,30.2741,杭州,,,,浙江地区,袁枚女弟子中翘楚,研究较多,中,较多,部分数字化,姊妹皆能诗,,
18,孙云鹤,,,女,1765,1815,51,浙江仁和,杭州,杭州,清,汉族,,官宦闺秀,袁枚女弟子，工诗词，与姊孙云凤并称,3,《听雨楼词》,,,,100,《听雨楼词》,婉约细腻,性灵派,词风婉约，情感深沉,闺情、个人感怀、自然景物,袁枚重要女弟子,完整保存,孙嘉乐,,金某,,,,,袁枚,,袁枚、孙云凤,袁枚、孙云凤,性灵派,文人圈子,,,杭州市,120.1551,30.2741,杭州,,,,浙江地区,词风婉约动人,研究较多,中,较多,部分数字化,姊妹诗人,,
19,钱孟钿,,,女,1739,1806,68,江苏武进,常州,常州,清,汉族,,官宦闺秀,清代女诗人，工诗词，与袁枚等交往,3,《浣青诗草》,,,,150,《浣青诗草》,清雅脱俗,江南闺秀诗派,诗风清雅，格调高远,闺情、自然景物、人生感悟,清代重要女诗人,完整保存,钱维城,,崔龙见,崔景俨,,,,袁枚,,袁枚、赵翼,袁枚、赵翼,,文人圈子,,,常州市,119.9465,31.7728,常州,,,,江苏地区,诗风清雅脱俗,研究较多,中,较多,部分数字化,文学世家,,
20,袁绶,,,女,1795,1861,67,浙江钱塘,杭州,杭州,清,汉族,,官宦闺秀,袁枚孙女，工诗词，继承家学,3,《瑶华阁诗草》,,,,100,《瑶华阁诗草》,清新自然,性灵派,诗风清新，继承家学,闺情、家庭生活、自然景物,袁枚文学传人,完整保存,袁通,,吴某,,,,,袁枚,,,袁枚,,家族文人圈,,,杭州市,120.1551,30.2741,杭州,,,,浙江地区,袁枚孙女，家学渊源,研究较多,中,较多,部分数字化,文学世家传承,,
21,袁机,,,女,1720,1759,40,浙江钱塘,杭州,杭州,清,汉族,,官宦闺秀,袁枚三妹，工诗词，命运悲惨,2,《素文女子遗稿》,,,,50,《素文女子遗稿》,悲苦凄婉,性灵派,诗风悲苦，情感真挚,个人悲苦、女性命运,袁枚之妹，才女,完整保存,袁滨,,高某,,,,,袁枚,,袁枚、袁杼,袁枚、袁杼,性灵派,家族圈子,,,杭州市,120.1551,30.2741,杭州,,,,浙江地区,袁枚之妹，命运悲惨,研究较多,中,较多,部分数字化,袁氏才女,,
22,袁杼,,,女,1722,1765,44,浙江钱塘,杭州,杭州,清,汉族,,官宦闺秀,袁枚四妹，工诗词,2,《楼居小草》,,,,60,《楼居小草》,婉约细腻,性灵派,诗风婉约，情感细腻,闺情、家庭生活,袁枚之妹，才女,完整保存,袁滨,,韩某,,,,,袁枚,,袁枚、袁机,袁枚、袁机,性灵派,家族圈子,,,杭州市,120.1551,30.2741,杭州,,,,浙江地区,袁枚之妹，诗才出众,研究较多,中,较多,部分数字化,袁氏才女,,
23,张纶英,,,女,1798,1874,77,江苏阳湖,常州,常州,清,汉族,,官宦闺秀,清代女诗人，张琦之女，工诗词,3,《绿槐书屋诗》,,,,100,《绿槐书屋诗》,清丽婉约,常州词派,诗风清丽，家学渊源,闺情、自然景物、家学传承,常州词派女诗人,完整保存,张琦,,孙劼,,,,,张惠言,,张惠言、张曜孙,张惠言、张曜孙,常州词派,文人圈子,,,常州市,119.9465,31.7728,常州,,,,江苏地区,常州词派女将,研究较多,中,较多,部分数字化,文学世家,,
24,张纨英,,,女,1795,1864,70,江苏阳湖,常州,常州,清,汉族,,官宦闺秀,清代女诗人，张琦之女，工诗词,3,《邻云友月之居诗》,,,,80,《邻云友月之居诗》,婉约典雅,常州词派,诗风婉约，格调典雅,闺情、家庭生活、文学创作,常州词派女诗人,完整保存,张琦,,王曦,,,,,张惠言,,张惠言、张纶英,张惠言、张纶英,常州词派,文人圈子,,,常州市,119.9465,31.7728,常州,,,,江苏地区,姊妹诗人,研究较多,中,较多,部分数字化,文学世家,,
25,王采薇,,,女,1753,1776,24,江苏武进,常州,常州,清,汉族,,官宦闺秀,清代女诗人，孙星衍之妻，才华早逝,2,《长离阁集》,,,,70,《长离阁集》,凄婉动人,江南闺秀诗派,诗风凄婉，情感真挚,闺情、个人感怀、生命感悟,才女早逝，诗作感人,完整保存,王光燮,,孙星衍,孙,,,,袁枚,,袁枚、洪亮吉,袁枚、洪亮吉,,文人圈子,,,常州市,119.9465,31.7728,常州,,,,江苏地区,才女早逝，诗作感人,研究较多,中,较多,部分数字化,才女悲剧,,
26,庄盘珠,,,女,1795,1820,26,江苏阳湖,常州,常州,清,汉族,,官宦闺秀,清代女词人，才华横溢，早逝,2,《秋水轩词》,,,,60,《秋水轩词》,凄婉动人,常州词派,词风凄婉，情感深沉,闺情、个人悲苦、生命感悟,才女早逝，词作优秀,完整保存,庄关和,,吴某,,,,,张琦,,张琦、张纨英,张琦、张纨英,常州词派,文人圈子,,,常州市,119.9465,31.7728,常州,,,,江苏地区,才女早逝，词作优秀,研究较多,中,较多,部分数字化,词风凄婉,,
27,吴规臣,,,女,1785,1845,61,江苏吴县,苏州,苏州,清,汉族,,文人家庭,清代女诗人、画家，工诗词，善画,3,《晓仙楼诗》,,,,90,《晓仙楼诗》,清新淡雅,江南闺秀诗派,诗画兼工，风格清新,自然景物、艺术创作、生活感悟,诗画双绝,完整保存,吴俊,,顾某,,,,,袁枚,,袁枚、骆绮兰,袁枚、骆绮兰,,文人圈子,,,苏州市,120.5853,31.2990,苏州,,,,江苏地区,诗画双绝,研究较多,中,较多,部分数字化,艺术成就突出,,
28,张因,,,女,1741,1807,67,江苏甘泉,扬州,扬州,清,汉族,,文人家庭,清代女诗人，工诗词，与黄文旸并称,3,《绿秋书屋诗》,,,,120,《绿秋书屋诗》,清丽自然,性灵派,诗风清丽，情感真挚,闺情、家庭生活、自然景物,夫妇诗人,完整保存,张某,,黄文旸,黄某,,,,袁枚,,袁枚、罗聘,袁枚、罗聘,性灵派,文人圈子,,,扬州市,119.4128,32.3942,扬州,,,,江苏地区,夫妇诗人,研究较多,中,较多,部分数字化,文学夫妻,,
29,屈秉筠,,,女,1767,1810,44,江苏常熟,常熟,常熟,清,汉族,,官宦闺秀,清代女诗人，工诗词，与赵同钰并称,3,《蕴玉楼诗》,,,,100,《蕴玉楼诗》,婉约细腻,江南闺秀诗派,诗风婉约，情感细腻,闺情、自然景物、艺术创作,夫妇诗人,完整保存,屈某,,赵同钰,赵某,,,,袁枚,,袁枚、归懋仪,袁枚、归懋仪,,文人圈子,,,常熟市,120.7523,31.6461,常熟,,,,江苏地区,夫妇诗人,研究较多,中,较多,部分数字化,文学夫妻,,
30,鲍之蕙,,,女,1757,1810,54,江苏丹徒,镇江,镇江,清,汉族,,官宦闺秀,清代女诗人，工诗词，与张铉并称,3,《清娱阁诗》,,,,110,《清娱阁诗》,清丽婉约,性灵派,诗风清丽，情感真挚,闺情、家庭生活、自然景物,夫妇诗人,完整保存,鲍某,,张铉,张某,,,,袁枚,,袁枚、骆绮兰,袁枚、骆绮兰,性灵派,文人圈子,,,镇江市,119.4250,32.1878,镇江,,,,江苏地区,夫妇诗人,研究较多,中,较多,部分数字化,文学夫妻,,
31,潘素心,,,女,1764,1840,77,浙江会稽,绍兴,绍兴,清,汉族,,官宦闺秀,清代女诗人，工诗词，与汪辉祖并称,3,《不栉吟》,,,,130,《不栉吟》,清新自然,江南闺秀诗派,诗风清新，格调自然,闺情、人生感悟、自然景物,清代重要女诗人,完整保存,潘某,,汪辉祖,汪某,,,,袁枚,,袁枚、梁德绳,袁枚、梁德绳,,文人圈子,,,绍兴市,120.5829,30.0303,绍兴,,,,浙江地区,诗风清新自然,研究较多,中,较多,部分数字化,文学成就突出,,
32,陈长生,,,女,1755,1820,66,浙江钱塘,杭州,杭州,清,汉族,,官宦闺秀,清代女诗人，工诗词，与叶绍楏并称,3,《绘声阁诗》,,,,100,《绘声阁诗》,婉约典雅,江南闺秀诗派,诗风婉约，格调典雅,闺情、家庭生活、文学创作,叶绍楏之妻，才女,完整保存,陈兆仑,,叶绍楏,叶某,,,,袁枚,,袁枚、梁德绳,袁枚、梁德绳,,文人圈子,,,杭州市,120.1551,30.2741,杭州,,,,浙江地区,文学世家,研究较多,中,较多,部分数字化,家学渊源,,
33,廖云锦,,,女,1770,1830,61,江苏华亭,上海,上海,清,汉族,,官宦闺秀,清代女诗人、画家，工诗词，善画,3,《仙霞阁诗》,,,,90,《仙霞阁诗》,清新淡雅,江南闺秀诗派,诗画兼工，风格清新,自然景物、艺术创作、生活感悟,诗画双绝,完整保存,廖某,,马某,马某,,,,袁枚,,袁枚、骆绮兰,袁枚、骆绮兰,,文人圈子,,,上海市,121.4737,31.2304,上海,,,,江苏地区,诗画双绝,研究较多,中,较多,部分数字化,艺术成就突出,,
34,金逸,,,女,1770,1794,25,江苏长洲,苏州,苏州,清,汉族,,文人家庭,清代女诗人，工诗词，才华早逝,2,《瘦吟楼诗》,,,,60,《瘦吟楼诗》,凄婉动人,性灵派,诗风凄婉，情感真挚,闺情、个人悲苦、生命感悟,才女早逝，诗作感人,完整保存,金某,,陈某,,,,,袁枚,,袁枚、杨芳灿,袁枚、杨芳灿,性灵派,文人圈子,,,苏州市,120.5853,31.2990,苏州,,,,江苏地区,才女早逝，诗作感人,研究较多,中,较多,部分数字化,诗风凄婉,,
35,王倩,,,女,1770,1820,51,浙江山阴,绍兴,绍兴,清,汉族,,官宦闺秀,清代女诗人，工诗词，与袁枚交往,3,《寄梅馆诗》,,,,80,《寄梅馆诗》,清丽婉约,性灵派,诗风清丽，情感细腻,闺情、自然景物、生活感悟,袁枚女弟子,完整保存,王某,,袁某,,,,,袁枚,,袁枚、孙云凤,袁枚、孙云凤,性灵派,文人圈子,,,绍兴市,120.5829,30.0303,绍兴,,,,浙江地区,袁枚女弟子,研究较多,中,较多,部分数字化,文学交往广泛,,
36,钱惠尊,,,女,1775,1840,66,江苏阳湖,常州,常州,清,汉族,,官宦闺秀,清代女诗人，工诗词,3,《青藜阁诗》,,,,70,《青藜阁诗》,婉约典雅,江南闺秀诗派,诗风婉约，格调典雅,闺情、家庭生活、文学创作,清代女诗人,完整保存,钱某,,陆继辂,陆某,,,,张惠言,,张惠言、张纶英,张惠言、张纶英,常州词派,文人圈子,,,常州市,119.9465,31.7728,常州,,,,江苏地区,常州词派女诗人,研究较多,中,较多,部分数字化,文学世家,,
37,沈允慎,,,女,1780,1840,61,浙江钱塘,杭州,杭州,清,汉族,,文人家庭,清代女诗人，工诗词,3,《静香楼诗》,,,,80,《静香楼诗》,清丽自然,江南闺秀诗派,诗风清丽，格调自然,闺情、自然景物、生活感悟,清代女诗人,完整保存,沈某,,袁某,,,,,梁德绳,,梁德绳、汪端,梁德绳、汪端,,文人圈子,,,杭州市,120.1551,30.2741,杭州,,,,浙江地区,诗风清丽自然,研究较多,中,较多,部分数字化,文学成就,,
38,吴宗爱,,,女,1650,1674,25,浙江永康,永康,永康,清,汉族,,官宦闺秀,清代女诗人，工诗词，才华早逝,2,《六宜楼诗》,,,,50,《六宜楼诗》,凄婉动人,江南闺秀诗派,诗风凄婉，情感真挚,闺情、个人悲苦、生命感悟,才女早逝，诗作感人,完整保存,吴某,,徐某,,,,,吕留良,,吕留良等,吕留良,,文人圈子,,,永康市,120.0361,28.8925,永康,,,,浙江地区,才女早逝,研究较多,中,较多,部分数字化,诗作感人,,
39,纪映淮,,,女,1615,1691,77,江苏上元,南京,南京,清,汉族,,官宦闺秀,明末清初女诗人，工诗词，明亡后守节,3,《真冷堂诗》,,,,100,《真冷堂诗》,悲壮沉郁,遗民文学,诗风悲壮，寄托家国之痛,遗民情怀、个人感怀,明末清初女诗人,完整保存,纪青,,杜李,杜某,,,,王士禛,,王士禛等,王士禛,,遗民文人圈,,,南京市,118.7969,32.0603,南京,,,,江苏地区,贞烈才女,研究较多,中,较多,部分数字化,遗民诗人,,
40,倪瑞璇,,,女,1702,1732,31,江苏宿迁,宿迁,宿迁,清,汉族,,官宦闺秀,清代女诗人，工诗词，才华早逝,2,《箧存诗稿》,,,,60,《箧存诗稿》,凄婉动人,江南闺秀诗派,诗风凄婉，情感真挚,闺情、个人悲苦、社会现实,才女早逝，诗作优秀,完整保存,倪某,,徐某,,,,,刘某,,刘某等,刘某,,文人圈子,,,宿迁市,118.2752,33.9630,宿迁,,,,江苏地区,才女早逝,研究较多,中,较多,部分数字化,诗作优秀,,
41,方曜,,,女,1730,1790,61,安徽桐城,桐城,桐城,清,汉族,,官宦闺秀,清代女诗人，工诗词,3,《红蕉阁诗》,,,,90,《红蕉阁诗》,清丽婉约,江南闺秀诗派,诗风清丽，情感细腻,闺情、自然景物、生活感悟,桐城派女诗人,完整保存,方某,,姚某,,,,,方苞,,方苞等,方苞,,家族文人圈,,,桐城市,116.9597,31.0359,桐城,,,,安徽地区,桐城派女诗人,研究较多,中,较多,部分数字化,文学世家,,
42,方静,,,女,1735,1795,61,安徽桐城,桐城,桐城,清,汉族,,官宦闺秀,清代女诗人，工诗词,3,《绿窗诗草》,,,,80,《绿窗诗草》,婉约典雅,江南闺秀诗派,诗风婉约，格调典雅,闺情、家庭生活、文学创作,桐城派女诗人,完整保存,方某,,张某,,,,,方苞,,方苞、方曜,方苞、方曜,,家族文人圈,,,桐城市,116.9597,31.0359,桐城,,,,安徽地区,姊妹诗人,研究较多,中,较多,部分数字化,文学世家,,
43,方婉,,,女,1740,1800,61,安徽桐城,桐城,桐城,清,汉族,,官宦闺秀,清代女诗人，工诗词,3,《芸窗诗稿》,,,,70,《芸窗诗稿》,清新自然,江南闺秀诗派,诗风清新，格调自然,闺情、自然景物、生活感悟,桐城派女诗人,完整保存,方某,,马某,,,,,方苞,,方苞、方静,方苞、方静,,家族文人圈,,,桐城市,116.9597,31.0359,桐城,,,,安徽地区,桐城派女诗人,研究较多,中,较多,部分数字化,文学世家,,
44,方照,,,女,1745,1805,61,安徽桐城,桐城,桐城,清,汉族,,官宦闺秀,清代女诗人，工诗词,3,《兰闺诗草》,,,,60,《兰闺诗草》,婉约细腻,江南闺秀诗派,诗风婉约，情感细腻,闺情、家庭生活、文学创作,桐城派女诗人,完整保存,方某,,左某,,,,,方苞,,方苞、方婉,方苞、方婉,,家族文人圈,,,桐城市,116.9597,31.0359,桐城,,,,安徽地区,桐城派女诗人,研究较多,中,较多,部分数字化,文学世家,,
45,方灿,,,女,1750,1810,61,安徽桐城,桐城,桐城,清,汉族,,官宦闺秀,清代女诗人，工诗词,3,《绣余吟稿》,,,,50,《绣余吟稿》,清丽自然,江南闺秀诗派,诗风清丽，格调自然,闺情、自然景物、生活感悟,桐城派女诗人,完整保存,方某,,光某,,,,,方苞,,方苞、方照,方苞、方照,,家族文人圈,,,桐城市,116.9597,31.0359,桐城,,,,安徽地区,桐城派女诗人,研究较多,中,较多,部分数字化,文学世家,,
46,方炯,,,女,1755,1815,61,安徽桐城,桐城,桐城,清,汉族,,官宦闺秀,清代女诗人，工诗词,3,《筠窗诗草》,,,,40,《筠窗诗草》,婉约典雅,江南闺秀诗派,诗风婉约，格调典雅,闺情、家庭生活、文学创作,桐城派女诗人,完整保存,方某,,戴某,,,,,方苞,,方苞、方灿,方苞、方灿,,家族文人圈,,,桐城市,116.9597,31.0359,桐城,,,,安徽地区,桐城派女诗人,研究较多,中,较多,部分数字化,文学世家,,
47,方焰,,,女,1760,1820,61,安徽桐城,桐城,桐城,清,汉族,,官宦闺秀,清代女诗人，工诗词,3,《红蕖阁诗》,,,,30,《红蕖阁诗》,清新淡雅,江南闺秀诗派,诗风清新，格调淡雅,闺情、自然景物、生活感悟,桐城派女诗人,完整保存,方某,,祝某,,,,,方苞,,方苞、方炯,方苞、方炯,,家族文人圈,,,桐城市,116.9597,31.0359,桐城,,,,安徽地区,桐城派女诗人,研究较多,中,较多,部分数字化,文学世家,,
48,方烨,,,女,1765,1825,61,安徽桐城,桐城,桐城,清,汉族,,官宦闺秀,清代女诗人，工诗词,3,《绿绮轩诗》,,,,20,《绿绮轩诗》,婉约细腻,江南闺秀诗派,诗风婉约，情感细腻,闺情、家庭生活、文学创作,桐城派女诗人,完整保存,方某,,宋某,,,,,方苞,,方苞、方焰,方苞、方焰,,家族文人圈,,,桐城市,116.9597,31.0359,桐城,,,,安徽地区,桐城派女诗人,研究较多,中,较多,部分数字化,文学世家,,
49,方煊,,,女,1770,1830,61,安徽桐城,桐城,桐城,清,汉族,,官宦闺秀,清代女诗人，工诗词,3,《芸香阁诗》,,,,10,《芸香阁诗》,清丽自然,江南闺秀诗派,诗风清丽，格调自然,闺情、自然景物、生活感悟,桐城派女诗人,完整保存,方某,,汪某,,,,,方苞,,方苞、方烨,方苞、方烨,,家族文人圈,,,桐城市,116.9597,31.0359,桐城,,,,安徽地区,桐城派女诗人,研究较多,中,较多,部分数字化,文学世家,,
50,方熔,,,女,1775,1835,61,安徽桐城,桐城,桐城,清,汉族,,官宦闺秀,清代女诗人，工诗词,3,《兰心阁诗》,,,,5,《兰心阁诗》,婉约典雅,江南闺秀诗派,诗风婉约，格调典雅,闺情、家庭生活、文学创作,桐城派女诗人,完整保存,方某,,洪某,,,,,方苞,,方苞、方煊,方苞、方煊,,家族文人圈,,,桐城市,116.9597,31.0359,桐城,,,,安徽地区,桐城派女诗人,研究较多,中,较多,部分数字化,文学世家,,
51,朱景素,,,女,1780,1840,61,浙江海盐,海盐,海盐,清,汉族,,官宦闺秀,清代女诗人，工诗词,3,《絮雪吟》,,,,100,《絮雪吟》,清丽婉约,江南闺秀诗派,诗风清丽，情感细腻,闺情、自然景物、生活感悟,清代女诗人,完整保存,朱某,,张某,,,,,梁德绳,,梁德绳、汪端,梁德绳、汪端,,文人圈子,,,海盐县,120.9458,30.5254,海盐,,,,浙江地区,诗风清丽,研究较多,中,较多,部分数字化,文学成就,,
52,钱斐仲,,,女,1785,1845,61,浙江秀水,嘉兴,嘉兴,清,汉族,,官宦闺秀,清代女词人，工诗词,3,《雨花庵词》,,,,80,《雨花庵词》,婉约深沉,江南词派,词风婉约，情感深沉,闺情、个人感怀、自然景物,清代女词人,完整保存,钱某,,戚某,,,,,郭麐,,郭麐等,郭麐,,文人圈子,,,嘉兴市,120.7555,30.7460,嘉兴,,,,浙江地区,词风婉约,研究较多,中,较多,部分数字化,文学成就,,
53,关锳,,,女,1790,1850,61,浙江钱塘,杭州,杭州,清,汉族,,文人家庭,清代女词人，工诗词,3,《梦影楼词》,,,,70,《梦影楼词》,凄婉动人,江南词派,词风凄婉，情感真挚,闺情、个人悲苦、生命感悟,清代女词人,完整保存,关某,,蒋某,,,,,陈文述,,陈文述等,陈文述,,文人圈子,,,杭州市,120.1551,30.2741,杭州,,,,浙江地区,词风凄婉,研究较多,中,较多,部分数字化,文学成就,,
54,赵棻,,,女,1795,1855,61,江苏上海,上海,上海,清,汉族,,官宦闺秀,清代女诗人，工诗词,3,《滤月轩诗》,,,,60,《滤月轩诗》,清丽自然,江南闺秀诗派,诗风清丽，格调自然,闺情、自然景物、生活感悟,清代女诗人,完整保存,赵某,,汪某,,,,,李兆洛,,李兆洛等,李兆洛,,文人圈子,,,上海市,121.4737,31.2304,上海,,,,江苏地区,诗风清丽,研究较多,中,较多,部分数字化,文学成就,,
55,沈蕊,,,女,1800,1860,61,浙江秀水,嘉兴,嘉兴,清,汉族,,文人家庭,清代女诗人，工诗词,3,《白云洞天诗》,,,,50,《白云洞天诗》,婉约典雅,江南闺秀诗派,诗风婉约，格调典雅,闺情、家庭生活、文学创作,清代女诗人,完整保存,沈某,,郑某,,,,,黄燮清,,黄燮清等,黄燮清,,文人圈子,,,嘉兴市,120.7555,30.7460,嘉兴,,,,浙江地区,诗风婉约,研究较多,中,较多,部分数字化,文学成就,,
56,吴尚熹,,,女,1805,1865,61,广东南海,广州,广州,清,汉族,,官宦闺秀,清代女诗人，工诗词,3,《写韵楼诗》,,,,40,《写韵楼诗》,清新淡雅,岭南诗派,诗风清新，格调淡雅,闺情、自然景物、生活感悟,岭南女诗人,完整保存,吴某,,梁某,,,,,张维屏,,张维屏等,张维屏,,文人圈子,,,广州市,113.2644,23.1291,广州,,,,广东地区,岭南女诗人,研究较多,中,较多,部分数字化,地域特色,,
57,左锡璇,,,女,1810,1870,61,江苏阳湖,常州,常州,清,汉族,,官宦闺秀,清代女诗人，工诗词,3,《碧梧红蕉馆诗》,,,,30,《碧梧红蕉馆诗》,婉约细腻,江南闺秀诗派,诗风婉约，情感细腻,闺情、家庭生活、文学创作,清代女诗人,完整保存,左某,,袁某,,,,,张琦,,张琦、张纨英,张琦、张纨英,常州词派,文人圈子,,,常州市,119.9465,31.7728,常州,,,,江苏地区,常州词派女诗人,研究较多,中,较多,部分数字化,文学世家,,
58,左锡嘉,,,女,1815,1875,61,江苏阳湖,常州,常州,清,汉族,,官宦闺秀,清代女诗人，工诗词,3,《冷吟仙馆诗》,,,,20,《冷吟仙馆诗》,清丽自然,江南闺秀诗派,诗风清丽，格调自然,闺情、自然景物、生活感悟,姊妹诗人,完整保存,左某,,曾某,,,,,张琦,,张琦、左锡璇,张琦、左锡璇,常州词派,文人圈子,,,常州市,119.9465,31.7728,常州,,,,江苏地区,姊妹诗人,研究较多,中,较多,部分数字化,文学世家,,
59,周诒蘩,,,女,1820,1880,61,湖南湘潭,湘潭,湘潭,清,汉族,,官宦闺秀,清代女诗人，工诗词,3,《静一斋诗》,,,,10,《静一斋诗》,婉约典雅,湖湘诗派,诗风婉约，格调典雅,闺情、家庭生活、文学创作,湖湘女诗人,完整保存,周某,,王某,,,,,曾国藩,,曾国藩等,曾国藩,,文人圈子,,,湘潭市,112.9440,27.8297,湘潭,,,,湖南地区,湖湘女诗人,研究较多,中,较多,部分数字化,地域特色,,
60,曾懿,,,女,1852,1927,76,四川华阳,成都,成都,清,汉族,,官宦闺秀,清末女诗人、医学家，工诗词，通医学,5,《古欢室诗》,《医学篇》,,,200,《古欢室诗》,清新实用,综合派,诗词医学兼通，风格清新,闺情、医学知识、生活实用,清末著名女学者,完整保存,曾咏,,袁幼安,袁励衡,,,,王闿运,,王闿运等,王闿运,,学者圈子,,,成都市,104.0665,30.5728,成都,,,,四川地区,女学者杰出代表,影响深远,高,丰富,已数字化,医学诗词兼通,,
61,吕碧城,,,女,1883,1943,61,安徽旌德,旌德,天津、上海、欧美,清,汉族,,官宦闺秀,清末民初著名女词人、女权运动先驱，通多国语言,8,《信芳集》,《晓珠词》,,,300,《晓珠词》,豪放现代,革新派,词风豪放，融合中西,女权、现代性、国际视野,近代女词人代表,完整保存,吕凤岐,,,,,吕惠如、吕美荪,,严复,,秋瑾、袁世凯,秋瑾、袁世凯,南社,进步文人圈,,,旌德县,118.5431,30.2861,天津、上海,,,,全国、国际,近代女词人第一,影响深远,高,丰富,已数字化,女权运动先驱,,
62,薛绍徽,,,女,1866,1911,46,福建侯官,福州,福州、上海、北京,清,汉族,,官宦闺秀,清末女诗人、翻译家，通外文，工诗词,6,《黛韵楼诗》,《外国列女传》,,,250,《黛韵楼诗》,典雅革新,综合派,诗词翻译兼工，风格典雅,女性命运、中外文化、社会变革,清末女学者,完整保存,薛裕昆,,陈寿彭,陈锵、陈莹,,,,陈季同,,陈季同等,陈季同,,学者圈子,,,福州市,119.3062,26.0753,福州、上海,,,,东南沿海,女学者杰出代表,影响较大,高,丰富,已数字化,翻译成就突出,,
63,单士厘,,,女,1856,1943,88,浙江萧山,杭州,杭州、日本、欧洲,清,汉族,,官宦闺秀,清末女旅行家、诗人，最早走出国门的女性之一,5,《受兹室诗》,《归潜记》,,,180,《受兹室诗》,开阔创新,旅行文学,视野开阔，融合中外,旅行见闻、中外文化、女性解放,近代女旅行家,完整保存,单恩溥,,钱恂,钱稻孙,,,,俞樾,,俞樾等,俞樾,,文人圈子,,,杭州市,120.1551,30.2741,杭州、东京,,,,国际,最早走出国门女性,影响深远,高,丰富,已数字化,旅行文学先驱,,
64,徐自华,,,女,1873,1935,63,浙江石门,桐乡,桐乡、上海、杭州,清,汉族,,官宦闺秀,清末女诗人，秋瑾挚友，南社成员,4,《听竹楼诗》,《忏慧词》,,,150,《听竹楼诗》,悲壮激昂,南社诗风,诗风悲壮，情感激昂,革命情怀、女性命运、友情,南社女诗人,完整保存,徐多缪,,梅韵笙,梅馨,,,,秋瑾,,秋瑾、陈去病,秋瑾、陈去病,南社,革命文人圈,,,桐乡市,120.5644,30.6309,桐乡、上海,,,,江南地区,秋瑾挚友,影响较大,高,丰富,已数字化,革命女性,,
65,徐蕴华,,,女,1884,1962,79,浙江石门,桐乡,桐乡、上海,清,汉族,,官宦闺秀,清末民初女诗人，徐自华之妹，南社成员,3,《双韵轩诗》,,,,100,《双韵轩诗》,清丽婉约,南社诗风,诗风清丽，情感婉约,闺情、姐妹情深、文学创作,南社女诗人,完整保存,徐多缪,,林寒碧,林北丽,,,,秋瑾,,秋瑾、徐自华,秋瑾、徐自华,南社,文人圈子,,,桐乡市,120.5644,30.6309,桐乡、上海,,,,江南地区,姊妹诗人,研究较多,中,较多,部分数字化,文学世家,,
66,张昭汉,,,女,1884,1965,82,湖南湘乡,湘乡,湘乡、上海、南京,清,汉族,,官宦闺秀,清末民初女诗人、教育家，南社成员,4,《白华草堂诗》,,,,120,《白华草堂诗》,豪放进步,南社诗风,诗风豪放，思想进步,女权、教育、社会变革,南社女诗人,完整保存,张通典,,何承徽,何某,,,,王闿运,,秋瑾、吕碧城,秋瑾、吕碧城,南社,进步文人圈,,,湘乡市,112.5350,27.7341,湘乡、上海,,,,湖南、上海,女权运动先驱,影响较大,高,丰富,已数字化,教育成就突出,,
67,唐群英,,,女,1871,1937,67,湖南衡山,衡山,衡山、东京、北京,清,汉族,,官宦闺秀,清末女权运动领袖、诗人，同盟会成员,3,《吟香阁诗》,,,,80,《吟香阁诗》,豪放革命,革命文学,诗风豪放，革命性强,女权、革命、民族解放,女权运动领袖,完整保存,唐少垣,,,,唐维藩,,,秋瑾,,秋瑾、孙中山,秋瑾、孙中山,同盟会,革命团体,,,衡山县,112.8693,27.2305,衡山、东京,,,,全国、国际,女权运动领袖,影响深远,高,丰富,已数字化,革命女性,,
68,康同璧,,,女,1883,1969,87,广东南海,广州,广州、北京、欧美,清,汉族,,维新家庭,康有为次女，女权运动者，通多国语言,4,《康同璧诗》,,,,100,《康同璧诗》,开放进步,维新派,思想开放，融合中西,女权、维新、中外文化,康有为女公子,完整保存,康有为,,罗昌,罗荣邦,,,,康有为,,梁启超等,梁启超等,维新派,进步圈子,,,广州市,113.2644,23.1291,广州、北京,,,,全国、国际,维新派女性代表,影响较大,高,丰富,已数字化,家学渊源,,
69,狄瑾,,,女,1875,1907,33,浙江山阴,绍兴,绍兴、东京、北京,清,汉族,,官宦闺秀,清末女革命家、诗人，女权运动先驱,3,《秋瑾诗》,《精卫石》,,,150,《秋瑾诗》,豪放悲壮,革命文学,诗风豪放，革命激情,革命、女权、民族命运,女革命家诗人,完整保存,狄寿南,,王廷钧,王沅德,,,,徐锡麟,,徐锡麟、陶成章,徐锡麟、陶成章,光复会,革命团体,,,绍兴市,120.5829,30.0303,绍兴、东京,,,,全国、国际,女革命家第一人,影响深远,高,丰富,已数字化,革命烈士,,
70,何香凝,,,女,1878,1972,95,广东南海,广州,广州、东京、香港,清,汉族,,商人家庭,清末民初女革命家、画家，同盟会成员,5,《何香凝诗》,《何香凝画集》,,,200,《何香凝诗》,豪放革命,革命艺术,诗画兼工，革命性强,革命、女权、艺术创作,女革命家艺术家,完整保存,何炳桓,,廖仲恺,廖承志、廖梦醒,,,,孙中山,,孙中山、宋庆龄,孙中山、宋庆龄,同盟会,革命团体,,,广州市,113.2644,23.1291,广州、东京,,,,全国、国际,革命艺术双栖,影响深远,高,丰富,已数字化,革命元老,,
71,张竹君,,,女,1876,1964,89,广东番禺,广州,广州、上海,清,汉族,,官宦闺秀,清末女医学家、教育家，创办多所女学,3,《张竹君诗》,,,,50,《张竹君诗》,务实进步,实践派,诗风务实，关注现实,医学、教育、女性解放,女医学教育家,完整保存,张某,,,,张氏兄弟,,,孙中山,,孙中山、黄兴,孙中山、黄兴,进步团体,医学教育圈,,,广州市,113.2644,23.1291,广州、上海,,,,广东、上海,女医学先驱,影响较大,高,丰富,已数字化,医学教育成就,,
72,吴芝瑛,,,女,1868,1934,67,安徽桐城,桐城,桐城、上海、杭州,清,汉族,,官宦闺秀,清末女书法家、诗人，秋瑾挚友,4,《吴芝瑛诗》,《小万柳堂法帖》,,,100,《吴芝瑛诗》,清丽典雅,文人书法,诗书兼工，风格清丽,友情、艺术、女性命运,女书法家诗人,完整保存,吴康之,,廉泉,廉某,,,,秋瑾,,秋瑾、徐自华,秋瑾、徐自华,文人圈子,艺术圈子,,,桐城市,116.9597,31.0359,桐城、上海,,,,安徽、上海,秋瑾挚友,影响较大,高,丰富,已数字化,艺术成就突出,,
73,徐宗汉,,,女,1876,1944,69,广东香山,珠海,珠海、广州、上海,清,汉族,,商人家庭,清末女革命家，黄兴夫人，参与革命活动,2,《徐宗汉诗》,,,,30,《徐宗汉诗》,豪放革命,革命文学,诗风豪放，革命热情,革命、女性解放,女革命家,完整保存,徐某,,黄兴,黄一欧、黄一中,,,,孙中山,,孙中山、宋庆龄,孙中山、宋庆龄,同盟会,革命团体,,,珠海市,113.5767,22.2707,珠海、广州,,,,广东、上海,革命女性,影响较大,高,丰富,已数字化,革命贡献,,
74,宋庆龄,,,女,1893,1981,88,广东文昌,文昌,上海、北京、莫斯科,清,汉族,,商人家庭,孙中山夫人，革命家、社会活动家,3,《宋庆龄诗》,,,,50,《宋庆龄诗》,庄重进步,革命文学,诗风庄重，思想进步,革命、和平、儿童福利,国母诗人,完整保存,宋耀如,,孙中山,,,宋蔼龄、宋美龄,,孙中山,,孙中山、何香凝,孙中山、何香凝,革命团体,政治圈子,,,文昌市,110.7539,19.6133,上海、北京,,,,全国、国际,国母诗人,影响深远,高,丰富,已数字化,政治人物,,
75,宋蔼龄,,,女,1889,1973,85,广东文昌,文昌,上海、北京、美国,清,汉族,,商人家庭,孔祥熙夫人，教育家、慈善家,2,《宋蔼龄诗》,,,,20,《宋蔼龄诗》,务实典雅,实用派,诗风务实，关注教育,教育、慈善、家庭,宋氏姐妹,完整保存,宋耀如,,孔祥熙,孔令仪、孔令侃,,,,孙中山,,孙中山、宋庆龄,孙中山、宋庆龄,家族圈子,政商圈子,,,文昌市,110.7539,19.6133,上海、北京,,,,全国、国际,宋氏大姐,影响较大,中,较多,部分数字化,家族影响,,
76,宋美龄,,,女,1897,2003,106,广东文昌,文昌,上海、南京、台北,清,汉族,,商人家庭,蒋介石夫人，政治家、外交家,3,《宋美龄诗》,,,,40,《宋美龄诗》,典雅外交,政治文学,诗风典雅，外交色彩,政治、外交、女性角色,第一夫人诗人,完整保存,宋耀如,,蒋介石,蒋经国、蒋纬国,,,,孙中山,,孙中山、宋庆龄,孙中山、宋庆龄,政治圈子,外交圈子,,,文昌市,110.7539,19.6133,上海、南京,,,,全国、国际,第一夫人,影响深远,高,丰富,已数字化,政治人物,,
77,张幼仪,,,女,1900,1988,89,江苏宝山,上海,上海、柏林、香港,清,汉族,,商人家庭,徐志摩前妻，银行家、企业家,2,《张幼仪诗》,,,,10,《张幼仪诗》,坚韧务实,现代派,诗风坚韧，关注现实,个人命运、女性独立,现代女性,完整保存,张润之,,徐志摩,徐积锴,,,,徐志摩,,徐志摩、林徽因,徐志摩、林徽因,现代文人,商业圈子,,,上海市,121.4737,31.2304,上海、柏林,,,,国际,现代女性代表,影响较大,中,较多,部分数字化,商业成就,,
78,陆小曼,,,女,1903,1965,63,江苏武进,常州,北京、上海,清,汉族,,官宦闺秀,徐志摩夫人，画家、作家,4,《陆小曼诗》,《爱眉小札》,,,80,《陆小曼诗》,浪漫感伤,现代派,诗画兼工，风格浪漫,爱情、艺术、个人感怀,现代女艺术家,完整保存,陆定,,徐志摩,,,,,徐志摩,,徐志摩、胡适,徐志摩、胡适,新月派,艺术圈子,,,常州市,119.9465,31.7728,北京、上海,,,,京津、上海,现代女性艺术家,影响较大,高,丰富,已数字化,艺术成就,,
79,林徽因,,,女,1904,1955,52,福建闽县,福州,北京、沈阳、昆明,清,汉族,,官宦闺秀,建筑学家、诗人，新月派成员,5,《林徽因诗》,《林徽因文集》,,,150,《林徽因诗》,清新典雅,新月派,诗建兼工，风格清新,建筑、爱情、人生感悟,才女典范,完整保存,林长民,,梁思成,梁从诫、梁再冰,,,,徐志摩,,徐志摩、金岳霖,徐志摩、金岳霖,新月派,学术圈子,,,福州市,119.3062,26.0753,北京、沈阳,,,,全国,一代才女,影响深远,高,丰富,已数字化,多重成就,,
80,凌叔华,,,女,1900,1990,91,广东番禺,广州,北京、伦敦、新加坡,清,汉族,,官宦闺秀,作家、画家，新月派成员,6,《凌叔华小说》,《凌叔华画集》,,,200,《凌叔华小说》,细腻典雅,新月派,小说绘画兼工，风格细腻,女性心理、家庭生活,现代女作家,完整保存,凌福彭,,陈西滢,陈小滢,,,,徐志摩,,徐志摩、林徽因,徐志摩、林徽因,新月派,文人圈子,,,广州市,113.2644,23.1291,北京、伦敦,,,,国际,现代女作家,影响较大,高,丰富,已数字化,文学成就,,
81,苏雪林,,,女,1897,1999,103,浙江瑞安,瑞安,北京、武汉、台北,清,汉族,,官宦闺秀,作家、学者，著述丰富,20,《苏雪林文集》,《绿天》,,,500,《绿天》,博学严谨,学者文学,学识渊博，研究深入,文学研究、个人经历,女学者作家,完整保存,苏锡爵,,张宝龄,,,,,胡适,,胡适、鲁迅,胡适、鲁迅,学术圈子,学者圈子,,,瑞安市,120.6551,27.7788,北京、武汉,,,,全国,女学者,影响深远,高,丰富,已数字化,学术成就,,
82,石评梅,,,女,1902,1928,27,山西平定,平定,北京、太原,清,汉族,,文人家庭,作家、诗人，才华早逝,3,《石评梅作品集》,,,,100,《石评梅作品集》,凄婉动人,现代派,文风凄婉，情感真挚,爱情、死亡、女性命运,才女早逝,完整保存,石铭,,,,石评梅兄弟,,,高君宇,,高君宇、庐隐,高君宇、庐隐,文学圈子,青年圈子,,,平定县,113.6581,37.8006,北京、太原,,,,山西、北京,才女早逝,研究较多,中,较多,部分数字化,爱情悲剧,,
83,庐隐,,,女,1898,1934,37,福建闽侯,福州,北京、上海,清,汉族,,官宦闺秀,作家，文学研究会成员,5,《庐隐文集》,《象牙戒指》,,,150,《象牙戒指》,感伤现代,文学研究会,文风感伤，关注女性,女性命运、社会问题,现代女作家,完整保存,黄某,,李唯建,李瀛仙,,,,李大钊,,李大钊、石评梅,李大钊、石评梅,文学研究会,文人圈子,,,福州市,119.3062,26.0753,北京、上海,,,,京津、上海,现代女作家,影响较大,高,丰富,已数字化,文学成就,,
84,冯沅君,,,女,1900,1974,75,河南唐河,唐河,北京、巴黎、济南,清,汉族,,官宦闺秀,学者、作家，陆侃如夫人,10,《冯沅君文集》,《中国诗史》,,,300,《中国诗史》,学术严谨,学者文学,学术创作兼工，研究深入,文学史、女性文学,女学者,完整保存,冯台异,,陆侃如,陆某,,,,胡适,,胡适、鲁迅,胡适、鲁迅,学术圈子,学者圈子,,,唐河县,112.8077,32.6970,北京、巴黎,,,,全国、国际,女学者,影响较大,高,丰富,已数字化,学术贡献,,
85,袁昌英,,,女,1894,1973,80,湖南醴陵,醴陵,伦敦、北京、武汉,清,汉族,,官宦闺秀,学者、作家，通多国语言,8,《袁昌英文集》,《法国文学》,,,200,《法国文学》,博学国际,学者文学,学识渊博，国际视野,外国文学、女性研究,女学者,完整保存,袁家普,,杨端六,杨静远,,,,陈源,,陈源、凌叔华,陈源、凌叔华,学术圈子,学者圈子,,,醴陵市,113.4970,27.6463,伦敦、北京,,,,国际,女学者,影响较大,高,丰富,已数字化,学术成就,,
86,陈衡哲,,,女,1890,1976,87,江苏武进,常州,北京、芝加哥、上海,清,汉族,,官宦闺秀,学者、作家，最早女教授之一,10,《陈衡哲文集》,《西洋史》,,,250,《西洋史》,理性开放,学者文学,理性思维，开放视野,历史、教育、女性解放,女学者先驱,完整保存,陈韬,,任鸿隽,任以都、任以书,,,,胡适,,胡适、任鸿隽,胡适、任鸿隽,学术圈子,学者圈子,,,常州市,119.9465,31.7728,北京、芝加哥,,,,国际,女学者先驱,影响深远,高,丰富,已数字化,学术开创,,
87,冰心,,,女,1900,1999,100,福建长乐,长乐,北京、美国、北京,清,汉族,,海军家庭,作家、儿童文学家，文学成就卓著,50,《冰心文集》,《寄小读者》,,,1000,《寄小读者》,温馨典雅,文学研究会,文风温馨，关爱儿童,母爱、儿童、自然,文学大师,完整保存,谢葆璋,,吴文藻,吴冰、吴青,,,,胡适,,胡适、林徽因,胡适、林徽因,文学研究会,文人圈子,,,长乐市,119.5232,25.9628,北京、美国,,,,全国、国际,文学大师,影响深远,高,丰富,已数字化,文学成就,,
88,丁玲,,,女,1904,1986,83,湖南临澧,临澧,上海、延安、北京,清,汉族,,官宦闺秀,作家，左翼文学代表,30,《丁玲文集》,《太阳照在桑干河上》,,,500,《太阳照在桑干河上》,豪放革命,左翼文学,文风豪放，革命性强,革命、女性、社会现实,左翼女作家,完整保存,余笠云,,胡也频,蒋祖林,,,,鲁迅,,鲁迅、瞿秋白,鲁迅、瞿秋白,左联,革命文学圈,,,临澧县,111.6476,29.4431,上海、延安,,,,全国,左翼女作家,影响深远,高,丰富,已数字化,文学成就,,
89,萧红,,,女,1911,1942,32,黑龙江呼兰,哈尔滨,哈尔滨、上海、香港,清,汉族,,地主家庭,作家，东北作家群代表,10,《萧红文集》,《呼兰河传》,,,200,《呼兰河传》,凄婉深刻,东北作家群,文风凄婉，描写深刻,乡土、女性、命运,文学天才,完整保存,张廷举,,端木蕻良,,,,,鲁迅,,鲁迅、萧军,鲁迅、萧军,东北作家群,文学圈子,,,哈尔滨市,126.5369,45.8038,哈尔滨、上海,,,,全国,文学天才,影响深远,高,丰富,已数字化,文学成就,,
90,张爱玲,,,女,1920,1995,76,河北丰润,上海,上海、香港、美国,清,汉族,,官宦闺秀,作家，现代文学重要代表,20,《张爱玲文集》,《倾城之恋》,,,300,《倾城之恋》,冷峻深刻,海派文学,文风冷峻，洞察人性,都市、爱情、人性,文学天才,完整保存,张志沂,,赖雅,,,,,胡适,,胡适、炎樱,胡适、炎樱,海派文人,文学圈子,,,上海市,121.4737,31.2304,上海、香港,,,,国际,文学天才,影响深远,高,丰富,已数字化,文学经典,,
91,杨绛,,,女,1911,2016,106,江苏无锡,无锡,北京、牛津、北京,清,汉族,,官宦闺秀,作家、翻译家，钱钟书夫人,20,《杨绛文集》,《洗澡》,,,400,《洗澡》,睿智典雅,学者文学,文风睿智，学识渊博,人生、家庭、学术,文学大家,完整保存,杨荫杭,,钱钟书,钱瑗,,,,朱自清,,朱自清、钱钟书,朱自清、钱钟书,学术圈子,学者圈子,,,无锡市,120.3119,31.4910,北京、牛津,,,,国际,文学大家,影响深远,高,丰富,已数字化,多重成就,,
92,苏青,,,女,1914,1982,69,浙江鄞县,宁波,上海、宁波,清,汉族,,商人家庭,作家，海派文学代表,10,《苏青文集》,《结婚十年》,,,200,《结婚十年》,直白大胆,海派文学,文风直白，关注女性,婚姻、女性、都市生活,海派女作家,完整保存,冯松雨,,李钦后,李崇、李孟,,,,张爱玲,,张爱玲、胡兰成,张爱玲、胡兰成,海派文人,文学圈子,,,宁波市,121.5498,29.8744,上海、宁波,,,,上海,海派女作家,影响较大,高,丰富,已数字化,文学成就,,
93,关露,,,女,1907,1982,76,河北延庆,北京,上海、北京,清,汉族,,官宦闺秀,作家、革命者，传奇人生,5,《关露文集》,《新旧时代》,,,100,《新旧时代》,复杂深刻,革命文学,文风复杂，经历传奇,革命、女性、命运,传奇女作家,完整保存,胡元陔,,,,,关露姐妹,,潘汉年,,潘汉年、丁玲,潘汉年、丁玲,左联,革命文学圈,,,北京市,116.4074,39.9042,上海、北京,,,,全国,传奇女性,研究较多,中,较多,部分数字化,特殊经历,,
94,白薇,,,女,1894,1987,94,湖南资兴,资兴,东京、上海、北京,清,汉族,,官宦闺秀,作家、剧作家，左翼成员,10,《白薇文集》,《打出幽灵塔》,,,200,《打出幽灵塔》,激烈反抗,左翼文学,文风激烈，反抗性强,女性解放、社会革命,左翼女作家,完整保存,黄某,,杨骚,,,,,鲁迅,,鲁迅、郭沫若,鲁迅、郭沫若,左联,革命文学圈,,,资兴市,113.2361,25.9372,东京、上海,,,,全国,左翼女作家,影响较大,高,丰富,已数字化,文学成就,,
95,谢冰莹,,,女,1906,2000,95,湖南新化,新化,武汉、上海、台北,清,汉族,,官宦闺秀,作家，女兵作家,15,《谢冰莹文集》,《女兵自传》,,,300,《女兵自传》,豪放真实,军旅文学,文风豪放，经历独特,军旅、女性、人生,女兵作家,完整保存,谢玉芝,,贾伊箴,贾文辉、贾文湘,,,,林语堂,,林语堂、苏雪林,林语堂、苏雪林,文学圈子,军旅圈子,,,新化县,111.3277,27.7258,武汉、上海,,,,全国,女兵作家,影响较大,高,丰富,已数字化,独特经历,,
96,罗淑,,,女,1903,1938,36,四川简阳,简阳,成都、上海,清,汉族,,商人家庭,作家，才华早逝,2,《罗淑文集》,《生人妻》,,,50,《生人妻》,朴实深刻,乡土文学,文风朴实，描写深刻,乡土、女性、命运,才女早逝,完整保存,罗某,,马宗融,马小弥,,,,巴金,,巴金、李健吾,巴金、李健吾,文学圈子,文人圈子,,,简阳市,104.5473,30.4109,成都、上海,,,,四川、上海,才女早逝,研究较多,中,较多,部分数字化,文学才华,,
97,沉樱,,,女,1907,1988,82,山东潍县,潍坊,北京、上海、台北,清,汉族,,官宦闺秀,作家、翻译家,10,《沉樱文集》,《女性三部曲》,,,200,《女性三部曲》,细腻典雅,现代派,文风细腻，翻译精准,女性、爱情、婚姻,女作家翻译家,完整保存,陈某,,梁宗岱,梁思薇、梁思清,,,,胡适,,胡适、林徽因,胡适、林徽因,文学圈子,翻译圈子,,,潍坊市,119.1619,36.7067,北京、上海,,,,全国,女作家翻译家,影响较大,高,丰富,已数字化,翻译成就,,
98,赵清阁,,,女,1914,1999,86,河南信阳,信阳,上海、重庆、上海,清,汉族,,官宦闺秀,作家、编辑，与老舍交往密切,15,《赵清阁文集》,《落叶无限愁》,,,300,《落叶无限愁》,典雅含蓄,现代派,文风典雅，情感含蓄,爱情、艺术、人生,女作家编辑,完整保存,赵某,,,,赵清阁兄弟,,,老舍,,老舍、冰心,老舍、冰心,文学圈子,编辑圈子,,,信阳市,114.0910,32.1470,上海、重庆,,,,全国,女作家编辑,影响较大,高,丰富,已数字化,文学成就,,
99,凤子,,,女,1912,1996,85,广西容县,容县,上海、重庆、北京,清,汉族,,官宦闺秀,演员、作家，戏剧成就突出,10,《凤子文集》,《无声的歌女》,,,150,《无声的歌女》,戏剧性强,戏剧文学,文风戏剧，表演经验,戏剧、女性、社会,女演员作家,完整保存,封某,,沙博理,沙贝,,,,曹禺,,曹禺、老舍,曹禺、老舍,戏剧圈子,艺术圈子,,,容县,110.5581,22.8578,上海、重庆,,,,全国,女演员作家,影响较大,高,丰富,已数字化,多重身份,,
100,彭慧,,,女,1907,1968,62,湖南长沙,长沙,莫斯科、上海、北京,清,汉族,,革命家庭,作家、翻译家，革命经历丰富,8,《彭慧文集》,《不尽长江滚滚来》,,,150,《不尽长江滚滚来》,革命写实,革命文学,文风革命，经历丰富,革命、女性、历史,革命女作家,完整保存,彭某,,穆木天,穆立立,,,,鲁迅,,鲁迅、瞿秋白,鲁迅、瞿秋白,左联,革命文学圈,,,长沙市,112.9388,28.2282,莫斯科、上海,,,,全国,革命女作家,影响较大,高,丰富,已数字化,革命经历,,